{
    "size": 91,
    "border": 11,
    "offset_x": 0,
    "offset_y": 0,
    "outer_hexagon_points": [
        [
            47.0,
            4.905000000000001
        ],
        [
            89.77000000000001,
            29.7025
        ],
        [
            89.77000000000001,
            79.2975
        ],
        [
            47.0,
            104.095
        ],
        [
            4.229999999999997,
            79.2975
        ],
        [
            4.229999999999997,
            29.7025
        ]
    ]
}